site,label_site,wildtype,mutation,condition,protein_chain,protein_site,mut_score
1,A167,A,E,minustet,A,167,-1.423442879
1,A167,A,V,minustet,A,167,0.158519662
1,A167,A,T,minustet,A,167,0.270862421
2,R168,R,L,minustet,A,168,-0.621431827
2,R168,R,Q,minustet,A,168,0.121160241
2,R168,R,W,minustet,A,168,0.404240472
3,Q169,Q,H,minustet,A,169,-0.115585786
3,Q169,Q,L,minustet,A,169,-0.01780522
3,Q169,Q,R,minustet,A,169,0.776913721
4,E170,E,D,minustet,A,170,-0.054745913
4,E170,E,V,minustet,A,170,0.0758947
4,E170,E,G,minustet,A,170,0.400376963
5,T171,T,M ,minustet,A,171,-1.538440998
5,T171,T,S,minustet,A,171,-0.130605366
5,T171,T,A,minustet,A,171,0.063450338
6,L172,L,M ,minustet,A,172,-0.55650564
6,L172,L,F,minustet,A,172,-0.527301255
6,L172,L,S,minustet,A,172,0.384103412
7,D173,D,G,minustet,A,173,-0.299095105
7,D173,D,V,minustet,A,173,-0.228505106
7,D173,D,E,minustet,A,173,0.068315515
7,D173,D,N,minustet,A,173,0.632115151
7,D173,D,Y,minustet,A,173,0.706379769
8,R174,R,C,minustet,A,174,0.359748443
8,R174,R,L,minustet,A,174,0.395976446
8,R174,R,S,minustet,A,174,0.434936045
8,R174,R,H,minustet,A,174,0.83201724
9,V175,V,E,minustet,A,175,-0.462558396
9,V175,V,A,minustet,A,175,0.049691652
9,V175,V,M ,minustet,A,175,0.435350414
9,V175,V,G,minustet,A,175,0.526683769
9,V175,V,L,minustet,A,175,0.71725941
10,A176,A,E,minustet,A,176,-0.783238243
10,A176,A,V,minustet,A,176,-0.224934767
10,A176,A,S,minustet,A,176,-0.130658037
10,A176,A,T,minustet,A,176,0.371439671
11,R177,R,P,minustet,A,177,-0.693712363
11,R177,R,W,minustet,A,177,-0.201915412
11,R177,R,L,minustet,A,177,0.07661849
11,R177,R,Q,minustet,A,177,0.389879798
12,L178,L,P,minustet,A,178,-0.491009127
12,L178,L,Q,minustet,A,178,-0.15181846
12,L178,L,M ,minustet,A,178,-0.103130775
13,M 179,M ,I,minustet,A,179,-0.254458711
13,M 179,M ,L,minustet,A,179,-0.215940163
13,M 179,M ,K,minustet,A,179,0.167619396
13,M 179,M ,V,minustet,A,179,0.267998458
13,M 179,M ,T,minustet,A,179,0.322992984
14,P180,P,T,minustet,A,180,-1.067243858
14,P180,P,S,minustet,A,180,-0.675390363
14,P180,P,Q,minustet,A,180,-0.585131199
14,P180,P,A,minustet,A,180,-0.127714618
14,P180,P,L,minustet,A,180,0.202361311
15,R181,R,L,minustet,A,181,-0.325509434
15,R181,R,Q,minustet,A,181,-0.051078092
15,R181,R,W,minustet,A,181,0.449397322
16,A182,A,T,minustet,A,182,-0.629276385
16,A182,A,V,minustet,A,182,-0.599682215
16,A182,A,S,minustet,A,182,-0.192290912
17,E183,E,D,minustet,A,183,-1.031527524
17,E183,E,G,minustet,A,183,-0.784921478
17,E183,E,V,minustet,A,183,-0.109788063
18,A184,A,D,minustet,A,184,-0.576290425
18,A184,A,T,minustet,A,184,0.336810468
18,A184,A,V,minustet,A,184,0.654743525
19,L185,L,I,minustet,A,185,-1.370425334
19,L185,L,F,minustet,A,185,-0.436011556
19,L185,L,P,minustet,A,185,-0.237472914
19,L185,L,H,minustet,A,185,0.462813373
20,E186,E,V,minustet,A,186,-0.893265597
20,E186,E,K,minustet,A,186,-0.839894616
20,E186,E,D,minustet,A,186,-0.191783721
20,E186,E,G,minustet,A,186,-0.002072388
21,L187,L,R,minustet,A,187,-1.351762501
21,L187,L,P,minustet,A,187,-1.240426316
21,L187,L,H,minustet,A,187,-0.633129334
21,L187,L,V,minustet,A,187,0.927680241
22,S188,S,N,minustet,A,188,-0.096026068
22,S188,S,C,minustet,A,188,0.036342249
22,S188,S,I,minustet,A,188,0.176601435
22,S188,S,G,minustet,A,188,0.466910838
22,S188,S,R,minustet,A,188,0.503295236
23,S189,S,C,minustet,A,189,-1.387293161
23,S189,S,I,minustet,A,189,-1.224137644
23,S189,S,G,minustet,A,189,-0.692732318
23,S189,S,T,minustet,A,189,-0.031873622
23,S189,S,N,minustet,A,189,0.575991434
23,S189,S,R,minustet,A,189,0.639929011
24,I190,I,T,minustet,A,190,-1.222989455
24,I190,I,F,minustet,A,190,-0.932772649
24,I190,I,N,minustet,A,190,-0.473894295
24,I190,I,V,minustet,A,190,0.556578807
24,I190,I,S,minustet,A,190,0.665874711
25,I191,I,T,minustet,A,191,-0.772742837
25,I191,I,L,minustet,A,191,0.333279158
25,I191,I,V,minustet,A,191,0.445134417
25,I191,I,M ,minustet,A,191,0.540532893
25,I191,I,K,minustet,A,191,0.605692235
26,S192,S,P,minustet,A,192,0.470815857
26,S192,S,L,minustet,A,192,0.698782438
26,S192,S,T,minustet,A,192,0.789244609
27,F193,F,L,minustet,A,193,-1.03621022
27,F193,F,C,minustet,A,193,-0.076013163
27,F193,F,S,minustet,A,193,0.125659165
27,F193,F,Y,minustet,A,193,0.374748848
27,F193,F,I,minustet,A,193,0.720743816
28,V194,V,D,minustet,A,194,-1.993005066
28,V194,V,A,minustet,A,194,-0.571041259
28,V194,V,F,minustet,A,194,0.460254378
28,V194,V,I,minustet,A,194,0.829645641
29,L195,L,H,minustet,A,195,-0.570269852
29,L195,L,P,minustet,A,195,-0.336660558
29,L195,L,R,minustet,A,195,-0.185438793
29,L195,L,I,minustet,A,195,0.0866772
30,S196,S,T,minustet,A,196,-0.003834697
30,S196,S,P,minustet,A,196,0.171707976
30,S196,S,L,minustet,A,196,0.482678182
31,K197,K,N,minustet,A,197,-1.367413681
31,K197,K,M ,minustet,A,197,-0.307060899
31,K197,K,E,minustet,A,197,-0.198207159
31,K197,K,R,minustet,A,197,0.189365272
32,R198,R,G,minustet,A,198,-1.110479278
32,R198,R,K,minustet,A,198,-0.925302635
32,R198,R,S,minustet,A,198,-0.202839496
32,R198,R,M ,minustet,A,198,-0.193290872
32,R198,R,W,minustet,A,198,0.574364856
33,R199,R,L,minustet,A,199,-0.28122872
33,R199,R,C,minustet,A,199,-0.190895842
33,R199,R,S,minustet,A,199,-0.032396987
33,R199,R,H,minustet,A,199,0.056950413
34,L200,L,Q,minustet,A,200,-0.751062626
34,L200,L,I,minustet,A,200,0.298086115
34,L200,L,P,minustet,A,200,0.430876882
35,A201,A,D,minustet,A,201,-1.06642972
35,A201,A,S,minustet,A,201,-0.921969199
35,A201,A,V,minustet,A,201,0.178537174
35,A201,A,T,minustet,A,201,0.411506603
36,H202,H,R,minustet,A,202,-0.508776938
36,H202,H,Q,minustet,A,202,-0.20392458
36,H202,H,N,minustet,A,202,-0.106863118
36,H202,H,Y,minustet,A,202,0.245615756
36,H202,H,L,minustet,A,202,0.63652043
37,F203,F,Y,minustet,A,203,-0.349330923
37,F203,F,S,minustet,A,203,-0.162119947
37,F203,F,L,minustet,A,203,-0.070051009
37,F203,F,V,minustet,A,203,0.118473536
37,F203,F,I,minustet,A,203,0.518290972
38,F204,F,I,minustet,A,204,-0.955375302
38,F204,F,L,minustet,A,204,-0.831054485
38,F204,F,S,minustet,A,204,0.62299735
38,F204,F,Y,minustet,A,204,0.641674569
38,F204,F,V,minustet,A,204,0.673505853
39,D205,D,V,minustet,A,205,-1.19737189
39,D205,D,Y,minustet,A,205,-0.666552615
39,D205,D,E,minustet,A,205,-0.295667105
39,D205,D,G,minustet,A,205,-0.154846787
39,D205,D,N,minustet,A,205,0.11097417
40,I206,I,K,minustet,A,206,-0.926494264
40,I206,I,L,minustet,A,206,-0.33892608
40,I206,I,V,minustet,A,206,-0.262487561
40,I206,I,T,minustet,A,206,-0.069002109
40,I206,I,M ,minustet,A,206,0.298181399
41,F207,F,V,minustet,A,207,-2.738619106
41,F207,F,L,minustet,A,207,-0.553789175
41,F207,F,I,minustet,A,207,-0.549008403
41,F207,F,Y,minustet,A,207,-0.061104077
41,F207,F,S,minustet,A,207,0.357496719
42,E208,E,K,minustet,A,208,-0.790604593
42,E208,E,V,minustet,A,208,-0.434537032
42,E208,E,G,minustet,A,208,-0.081314914
42,E208,E,D,minustet,A,208,0.204009965
43,M 209,M ,K,minustet,A,209,-1.597321064
43,M 209,M ,T,minustet,A,209,-1.185072277
43,M 209,M ,L,minustet,A,209,-0.322991313
43,M 209,M ,I,minustet,A,209,0.230093893
43,M 209,M ,V,minustet,A,209,0.655789969
44,R210,R,S,minustet,A,210,-0.700775171
44,R210,R,C,minustet,A,210,-0.558450786
44,R210,R,H,minustet,A,210,-0.116538607
44,R210,R,P,minustet,A,210,0.856324171
45,K211,K,I,minustet,A,211,-1.621464072
45,K211,K,N,minustet,A,211,-0.724370633
45,K211,K,R,minustet,A,211,0.042811853
45,K211,K,E,minustet,A,211,0.285341402
46,M 212,M ,K,minustet,A,212,-1.123601609
46,M 212,M ,I,minustet,A,212,-0.356315369
46,M 212,M ,L,minustet,A,212,-0.355471906
46,M 212,M ,V,minustet,A,212,0.287193698
47,V213,V,D,minustet,A,213,-1.175092433
47,V213,V,A,minustet,A,213,-0.779036616
47,V213,V,I,minustet,A,213,0.296712582
48,L214,L,F,minustet,A,214,-0.952348519
48,L214,L,I,minustet,A,214,0.353542658
48,L214,L,S,minustet,A,214,0.386865225
49,N215,N,T,minustet,A,215,-1.85288167
49,N215,N,K,minustet,A,215,-0.059173389
49,N215,N,S,minustet,A,215,0.114312995
49,N215,N,I,minustet,A,215,0.161776366
49,N215,N,D,minustet,A,215,0.337479668
49,N215,N,Y,minustet,A,215,0.42144045
49,N215,N,H,minustet,A,215,0.538933378
50,G216,G,A,minustet,A,216,-2.419818889
50,G216,G,V,minustet,A,216,-0.298933435
50,G216,G,S,minustet,A,216,0.011320227
50,G216,G,C,minustet,A,216,0.020601361
50,G216,G,D,minustet,A,216,0.360248741
51,D217,D,E,minustet,A,217,-0.710327906
51,D217,D,N,minustet,A,217,-0.49716627
51,D217,D,V,minustet,A,217,-0.453211612
51,D217,D,Y,minustet,A,217,-0.41836943
51,D217,D,G,minustet,A,217,0.628283654
52,S218,S,I,minustet,A,218,-0.564336923
52,S218,S,G,minustet,A,218,-0.263810956
52,S218,S,R,minustet,A,218,-0.163487745
52,S218,S,N,minustet,A,218,-0.148979755
52,S218,S,C,minustet,A,218,0.370528369
53,S219,S,F,minustet,A,219,-0.688333406
53,S219,S,P,minustet,A,219,-0.522402542
53,S219,S,T,minustet,A,219,0.215012343
53,S219,S,Y,minustet,A,219,0.237642991
54,D220,D,Y,minustet,A,220,-0.891243231
54,D220,D,E,minustet,A,220,-0.629538548
54,D220,D,N,minustet,A,220,-0.547636692
54,D220,D,G,minustet,A,220,-0.02565623
54,D220,D,V,minustet,A,220,0.015825783
55,D221,D,N,minustet,A,221,-1.17817837
55,D221,D,V,minustet,A,221,-0.642106946
55,D221,D,Y,minustet,A,221,0.036151036
55,D221,D,E,minustet,A,221,0.210352194
55,D221,D,G,minustet,A,221,0.491435122
56,K222,K,N,minustet,A,222,-0.498230009
56,K222,K,E,minustet,A,222,-0.475037157
56,K222,K,M ,minustet,A,222,-0.077714435
56,K222,K,R,minustet,A,222,0.270350425
57,A223,A,T,minustet,A,223,-0.986322268
57,A223,A,V,minustet,A,223,-0.197256061
57,A223,A,E,minustet,A,223,0.385176727
57,A223,A,G,minustet,A,223,0.867333718
58,S224,S,A,minustet,A,224,-0.654367229
58,S224,S,L,minustet,A,224,-0.068804958
58,S224,S,P,minustet,A,224,0.055162018
58,S224,S,T,minustet,A,224,0.118006897
59,A225,A,T,minustet,A,225,-0.963102294
59,A225,A,S,minustet,A,225,-0.281076666
59,A225,A,V,minustet,A,225,0.25164767
59,A225,A,D,minustet,A,225,0.623639956
59,A225,A,P,minustet,A,225,0.753537938
60,D226,D,N,minustet,A,226,-1.037643545
60,D226,D,Y,minustet,A,226,-0.632024541
60,D226,D,V,minustet,A,226,-0.071659019
60,D226,D,G,minustet,A,226,-0.053920575
60,D226,D,E,minustet,A,226,0.417129768
60,D226,D,A,minustet,A,226,0.85464684
61,G227,G,S,minustet,A,227,-0.626372646
61,G227,G,D,minustet,A,227,-0.032964158
61,G227,G,V,minustet,A,227,0.084742518
61,G227,G,C,minustet,A,227,0.148340996
62,D228,D,Y,minustet,A,228,-1.169605365
62,D228,D,V,minustet,A,228,-0.159162968
62,D228,D,N,minustet,A,228,0.275019941
62,D228,D,G,minustet,A,228,0.621226943
63,V229,V,L,minustet,A,229,-0.522315
63,V229,V,E,minustet,A,229,-0.191389744
63,V229,V,A,minustet,A,229,0.262483835
63,V229,V,I,minustet,A,229,0.562896545
64,P230,P,T,minustet,A,230,-2.263441278
64,P230,P,A,minustet,A,230,-0.160864088
64,P230,P,Q,minustet,A,230,-0.092648746
64,P230,P,L,minustet,A,230,0.633577558
64,P230,P,S,minustet,A,230,0.682076881
65,P231,P,L,minustet,A,231,-0.434275219
65,P231,P,S,minustet,A,231,-0.403249171
65,P231,P,H,minustet,A,231,0.102546831
65,P231,P,A,minustet,A,231,0.546779754
65,P231,P,R,minustet,A,231,0.568392156
66,T232,T,P,minustet,A,232,-0.591511001
66,T232,T,N,minustet,A,232,-0.396438979
66,T232,T,I,minustet,A,232,-0.077477332
66,T232,T,A,minustet,A,232,-0.054029647
66,T232,T,S,minustet,A,232,-0.022311361
67,I233,I,V,minustet,A,233,-2.12168982
67,I233,I,N,minustet,A,233,-0.571196572
67,I233,I,T,minustet,A,233,-0.422907102
67,I233,I,F,minustet,A,233,0.065118318
68,P234,P,T,minustet,A,234,-1.0064562
68,P234,P,S,minustet,A,234,0.00202377
68,P234,P,L,minustet,A,234,0.418300742
68,P234,P,Q,minustet,A,234,0.46447086
68,P234,P,R,minustet,A,234,0.674795738
69,R235,R,G,minustet,A,235,-1.538877279
69,R235,R,L,minustet,A,235,-0.746886256
69,R235,R,H,minustet,A,235,0.187017183
69,R235,R,C,minustet,A,235,0.309081553
70,L236,L,M ,minustet,A,236,0.079037051
70,L236,L,P,minustet,A,236,0.252875981
70,L236,L,Q,minustet,A,236,0.654319681
71,Q237,Q,E,minustet,A,237,-0.837407112
71,Q237,Q,L,minustet,A,237,-0.440335533
71,Q237,Q,R,minustet,A,237,-0.402340678
71,Q237,Q,H,minustet,A,237,-0.322980574
71,Q237,Q,K,minustet,A,237,0.014031767
72,Q238,Q,K,minustet,A,238,-0.673826318
72,Q238,Q,E,minustet,A,238,-0.431736746
72,Q238,Q,H,minustet,A,238,0.180447043
72,Q238,Q,R,minustet,A,238,0.193258389
72,Q238,Q,L,minustet,A,238,0.225804804
73,D239,D,V,minustet,A,239,-1.188883756
73,D239,D,G,minustet,A,239,-0.446230151
73,D239,D,Y,minustet,A,239,-0.10338917
74,G240,G,E,minustet,A,240,-1.204522738
74,G240,G,V,minustet,A,240,-0.514414746
74,G240,G,W,minustet,A,240,-0.502278021
74,G240,G,R,minustet,A,240,0.312446108
75,K241,K,R,minustet,A,241,-0.905429003
75,K241,K,M ,minustet,A,241,-0.092902612
75,K241,K,E,minustet,A,241,0.03501659
75,K241,K,N,minustet,A,241,0.081795629
76,A242,A,T,minustet,A,242,-0.703070318
76,A242,A,D,minustet,A,242,-0.229846787
76,A242,A,V,minustet,A,242,0.1073215
76,A242,A,S,minustet,A,242,0.340683619
77,V243,V,A,minustet,A,243,-0.768518158
77,V243,V,D,minustet,A,243,-0.155082614
77,V243,V,I,minustet,A,243,0.369913253
78,I244,I,F,minustet,A,244,-0.887269555
78,I244,I,N,minustet,A,244,-0.234498525
78,I244,I,V,minustet,A,244,0.224678039
78,I244,I,T,minustet,A,244,0.606560135
79,L245,L,P,minustet,A,245,-0.562677364
79,L245,L,Q,minustet,A,245,-0.328902939
79,L245,L,M ,minustet,A,245,0.420349115
80,F246,F,Y,minustet,A,246,-0.244373845
80,F246,F,I,minustet,A,246,-0.126785616
80,F246,F,S,minustet,A,246,-0.094719965
80,F246,F,L,minustet,A,246,0.480635162
81,S247,S,R,minustet,A,247,-1.41111881
81,S247,S,N,minustet,A,247,-0.666621106
81,S247,S,G,minustet,A,247,-0.412620632
81,S247,S,C,minustet,A,247,0.214365151
81,S247,S,I,minustet,A,247,0.469637055
82,C248,C,Y,minustet,A,248,-0.790883726
82,C248,C,R,minustet,A,248,0.080697514
82,C248,C,S,minustet,A,248,0.585050673
83,L249,L,F,minustet,A,249,-0.635526397
83,L249,L,M ,minustet,A,249,-0.507500514
83,L249,L,S,minustet,A,249,-0.069686372
83,L249,L,V,minustet,A,249,1.170205098